{"0": [0.0, 3.4555819034576416, 1.001017689704895], "1": [0.0, 3.4555819034576416, 1.001017689704895], "2": [0.0, 3.4652488231658936, 0.9849820137023926], "3": [0.0, 3.493807315826416, 0.9376078844070435], "4": [0.0, 3.540595054626465, 0.8599951267242432], "5": [0.0, 3.6049485206604004, 0.7532431483268738], "6": [0.0, 3.6862053871154785, 0.6184515953063965], "7": [0.0, 3.7837023735046387, 0.45672014355659485], "8": [0.0, 3.8967769145965576, 0.26914823055267334], "9": [0.0, 4.024765968322754, 0.05683540552854538], "10": [0.0, 4.167006492614746, -0.17911845445632935], "11": [0.0, 4.322835922241211, -0.4376137852668762], "12": [0.0, 4.491591930389404, -0.7175514698028564], "13": [0.0, 4.672610282897949, -1.0178313255310059], "14": [0.0, 4.86522912979126, -1.3373539447784424], "15": [0.0, 5.068785667419434, -1.6750202178955078], "16": [0.0, 5.28261661529541, -2.0297298431396484], "17": [0.0, 5.506058692932129, -2.4003844261169434], "18": [0.0, 5.7384490966796875, -2.7858822345733643], "19": [0.0, 5.979126453399658, -3.1851258277893066], "20": [0.0, 6.227426528930664, -3.5970139503479004], "21": [0.0, 6.482686519622803, -4.020447731018066], "22": [0.0, 6.744243621826172, -4.454328536987305], "23": [0.0, 7.011435031890869, -4.897554874420166], "24": [0.0, 7.283598899841309, -5.349029064178467], "25": [0.0, 7.560070037841797, -5.807649612426758], "26": [0.0, 7.8401875495910645, -6.2723188400268555], "27": [0.0, 8.12328815460205, -6.7419352531433105], "28": [0.0, 8.408708572387695, -7.2154011726379395], "29": [0.0, 8.69578742980957, -7.691616058349609], "30": [0.0, 8.983858108520508, -8.169479370117188], "31": [0.0, 9.272262573242188, -8.647893905639648], "32": [0.0, 9.560333251953125, -9.125757217407227], "33": [0.0, 9.847412109375, -9.601972579956055], "34": [0.0, 10.132831573486328, -10.075437545776367], "35": [0.0, 10.415933609008789, -10.545053482055664], "36": [0.0, 10.696050643920898, -11.009721755981445], "37": [0.0, 10.97252368927002, -11.468345642089844], "38": [0.0, 11.244686126708984, -11.919816970825195], "39": [0.0, 11.511878967285156, -12.363045692443848], "40": [0.0, 11.77343463897705, -12.796924591064453], "41": [0.0, 12.028694152832031, -13.220358848571777], "42": [0.0, 12.276994705200195, -13.632246017456055], "43": [0.0, 12.517671585083008, -14.031492233276367], "44": [0.0, 12.750062942504883, -14.41698932647705], "45": [0.0, 12.973505973815918, -14.787643432617188], "46": [0.0, 13.187336921691895, -15.142354965209961], "47": [0.0, 13.390891075134277, -15.480016708374023], "48": [0.0, 13.583511352539062, -15.799543380737305], "49": [0.0, 13.764530181884766, -16.099822998046875], "50": [0.0, 13.933286666870117, -16.3797607421875], "51": [0.0, 14.089115142822266, -16.638256072998047], "52": [0.0, 14.231355667114258, -16.87420654296875], "53": [0.0, 14.359344482421875, -17.08652114868164], "54": [0.0, 14.472419738769531, -17.274093627929688], "55": [0.0, 14.569915771484375, -17.43582534790039], "56": [0.0, 14.651174545288086, -17.570619583129883], "57": [0.0, 14.715530395507812, -17.677371978759766], "58": [0.0, 14.76231575012207, -17.754981994628906], "59": [0.0, 14.790874481201172, -17.802356719970703], "60": [2.487306320381622e-15, 14.80053997039795, -17.818391799926758], "61": [0.01414550095796585, 14.80053997039795, -17.818391799926758], "62": [0.05594625324010849, 14.80053997039795, -17.818391799926758], "63": [0.12444861978292465, 14.80053997039795, -17.818391799926758], "64": [0.21869897842407227, 14.80053997039795, -17.818391799926758], "65": [0.33774369955062866, 14.80053997039795, -17.818391799926758], "66": [0.4806291460990906, 14.80053997039795, -17.818391799926758], "67": [0.6464016437530518, 14.80053997039795, -17.818391799926758], "68": [0.8341077566146851, 14.80053997039795, -17.818391799926758], "69": [1.0427935123443604, 14.80053997039795, -17.818391799926758], "70": [1.2715057134628296, 14.80053997039795, -17.818391799926758], "71": [1.5192902088165283, 14.80053997039795, -17.818391799926758], "72": [1.7851940393447876, 14.80053997039795, -17.818391799926758], "73": [2.068263053894043, 14.80053997039795, -17.818391799926758], "74": [2.3675432205200195, 14.80053997039795, -17.818391799926758], "75": [2.682082176208496, 14.80053997039795, -17.818391799926758], "76": [3.010925531387329, 14.80053997039795, -17.818391799926758], "77": [3.353119373321533, 14.80053997039795, -17.818391799926758], "78": [3.7077102661132812, 14.80053997039795, -17.818391799926758], "79": [4.073744773864746, 14.80053997039795, -17.818391799926758], "80": [4.45026969909668, 14.80053997039795, -17.818391799926758], "81": [4.836329936981201, 14.80053997039795, -17.818391799926758], "82": [5.230974197387695, 14.80053997039795, -17.818391799926758], "83": [5.633246421813965, 14.80053997039795, -17.818391799926758], "84": [6.0421953201293945, 14.80053997039795, -17.818391799926758], "85": [6.456864356994629, 14.80053997039795, -17.818391799926758], "86": [6.876302719116211, 14.80053997039795, -17.818391799926758], "87": [7.299554824829102, 14.80053997039795, -17.818391799926758], "88": [7.725667476654053, 14.80053997039795, -17.818391799926758], "89": [8.153688430786133, 14.80053997039795, -17.818391799926758], "90": [8.582662582397461, 14.80053997039795, -17.818391799926758], "91": [9.011636734008789, 14.80053997039795, -17.818391799926758], "92": [9.439658164978027, 14.80053997039795, -17.818391799926758], "93": [9.86577033996582, 14.80053997039795, -17.818391799926758], "94": [10.289024353027344, 14.80053997039795, -17.818391799926758], "95": [10.70846176147461, 14.80053997039795, -17.818391799926758], "96": [11.123130798339844, 14.80053997039795, -17.818391799926758], "97": [11.532078742980957, 14.80053997039795, -17.818391799926758], "98": [11.934350967407227, 14.80053997039795, -17.818391799926758], "99": [12.328993797302246, 14.80053997039795, -17.818391799926758], "100": [12.715056419372559, 14.80053997039795, -17.818391799926758], "101": [13.091581344604492, 14.80053997039795, -17.818391799926758], "102": [13.457613945007324, 14.80053997039795, -17.818391799926758], "103": [13.812206268310547, 14.80053997039795, -17.818391799926758], "104": [14.154399871826172, 14.80053997039795, -17.818391799926758], "105": [14.483242988586426, 14.80053997039795, -17.818391799926758], "106": [14.797781944274902, 14.80053997039795, -17.818391799926758], "107": [15.097063064575195, 14.80053997039795, -17.818391799926758], "108": [15.380134582519531, 14.80053997039795, -17.818391799926758], "109": [15.646036148071289, 14.80053997039795, -17.818391799926758], "110": [15.893821716308594, 14.80053997039795, -17.818391799926758], "111": [16.122533798217773, 14.80053997039795, -17.818391799926758], "112": [16.331218719482422, 14.80053997039795, -17.818391799926758], "113": [16.518924713134766, 14.80053997039795, -17.818391799926758], "114": [16.6846981048584, 14.80053997039795, -17.818391799926758], "115": [16.827579498291016, 14.80053997039795, -17.818391799926758], "116": [16.946624755859375, 14.80053997039795, -17.818391799926758], "117": [17.040876388549805, 14.80053997039795, -17.818391799926758], "118": [17.1093807220459, 14.80053997039795, -17.818391799926758], "119": [17.15117645263672, 14.80053997039795, -17.818391799926758], "120": [17.165325164794922, 14.80053997039795, -17.818391799926758], "121": [17.162639617919922, 14.792623519897461, -17.801584243774414], "122": [17.15450668334961, 14.769232749938965, -17.752042770385742], "123": [17.140823364257812, 14.730904579162598, -17.671077728271484], "124": [17.121482849121094, 14.678177833557129, -17.56001091003418], "125": [17.096372604370117, 14.611591339111328, -17.420154571533203], "126": [17.065391540527344, 14.531679153442383, -17.252824783325195], "127": [17.028427124023438, 14.438982009887695, -17.059335708618164], "128": [16.985376358032227, 14.334037780761719, -16.84100914001465], "129": [16.936132431030273, 14.217381477355957, -16.599157333374023],